Parent Name,Email,Child Names
John Smith,john.smith@gmail.com,Emma Smith;Liam Smith
Maria Garcia,maria.garcia@gmail.com,Sofia Garcia
David Johnson,david.johnson@gmail.com,Oliver Johnson;Isabella Johnson
Sarah Brown,sarah.brown@gmail.com,Noah Brown
Michael Davis,michael.davis@gmail.com,Ava Davis;Ethan Davis;Mia Davis
Jennifer Wilson,jennifer.wilson@gmail.com,Lucas Wilson
Robert Miller,robert.miller@gmail.com,Sophia Miller;James Miller
Lisa Anderson,lisa.anderson@gmail.com,Charlotte Anderson
William Taylor,william.taylor@gmail.com,Benjamin Taylor;Amelia Taylor
Jessica Thomas,jessica.thomas@gmail.com,Henry Thomas
Christopher Jackson,christopher.jackson@gmail.com,Harper Jackson;Alexander Jackson
Amanda White,amanda.white@gmail.com,Evelyn White
Matthew Harris,matthew.harris@gmail.com,Sebastian Harris;Aria Harris
Ashley Martin,ashley.martin@gmail.com,Gabriel Martin
Daniel Thompson,daniel.thompson@gmail.com,Chloe Thompson;Owen Thompson;Luna Thompson 